cmavo,English definition,English notes,English gloss,My definition,My notes,My gloss
a,logical connective: sumti afterthought or.,,,,,
a'a,attitudinal: attentive - inattentive - avoiding.,"See also {jundi}, {rivbi}.",,,,
a'e,attitudinal: alertness - exhaustion.,"See also {sanji}, {cikna}, {tatpi}.",,,,
a'i,attitudinal: effort - no special effort - repose.,"See also {gunka}, {slunandu}, {guksurla}, {troci}, {selprogunka}.",,,,
a'o,attitudinal: hope - despair.,See also {pacna}.,,,,
a'u,attitudinal: interest - disinterest - repulsion.,"See also {cinri}, {selcni}.",,,,
ai,attitudinal: intent - indecision - rejection/refusal.,"See also {termu'i}, {terzu'e}, {seljdi}, {selcu'a}.",,,,
au,attitudinal: desire - indifference - reluctance.,See also {djica}.,,,,
ba,time tense relation/direction: will [selbri]; after [sumti]; default future tense.,,,,,
ba'a,evidential: I expect - I experience - I remember.,"See also {bavykri}, {lifri}, {morji}.",,,,
ba'au,tense: refers to future of current space/time reference absolutely,in the future of {nau},,,,
ba'e,forethought emphasis indicator; indicates next word is especially emphasized.,,,,,
ba'ei,"forethought emphasis indicator; indicates next WORD only, even if that word is a construct-indicating cmavo","According to CLL 19.11, regular {ba'e} doesnt always emphasize just one word. If it is placed in front of a construct (e.g. {la}), it emphasizes the entire construct. {ba'ei} was designed especially for these cases.",,,,
ba'i,"basti modal, 1st place                            replaced by ...",,,,,
ba'o,interval event contour: in the aftermath of ...; since ...; retrospective/perfect              |     |----.,,,,,
ba'oi,Converts PA into tense; in [number (usually nonspecific)] possible futures where [sumti (du'u)] is true,"Possible futures, given the actual past and present; what might happen. Cf. {mu'ei}.",,,,
ba'u,discursive: exaggeration - accuracy - understatement.,"See also {satci}, {dukse}.",,,,
bai,"bapli modal, 1st place (forced by)                forcedly; compelled by force ...",,,,,
bau,"bangu modal, 1st place                            in language ...",,,,,
be,sumti link to attach sumti (default x2) to a selbri; used in descriptions.,,,,,
be'a,location tense relation/direction; north of.,,,,,
be'e,vocative: request to send/speak.,,,,,
be'i,"benji modal, 1st place (sender)                   sent by ...",,,,,
be'o,elidable terminator: end linked sumti in specified description.,,,,,
be'u,attitudinal modifier: lack/need - presence/satisfaction - satiation.,"See also {claxu}, {nitcu}, {mansa}.",,,,
bei,separates multiple linked sumti within a selbri; used in descriptions.,,,,,
bi,digit/number: 8 (digit) [eight].,,,,,
bi'e,prefixed to a mex operator to indicate high priority.,,,,,
bi'i,non-logical interval connective: unordered between ... and ...,,,,,
bi'o,non-logical interval connective: ordered from ... to ...,,,,,
bi'u,discursive: newly introduced information - previously introduced information.,"See also {nindatni}, {saurdatni}.",,,,
bo,short scope joiner; joins various constructs with shortest scope and right grouping.,"Cf. {ke}, {ke'e}.",,,,
boi,elidable terminator: terminate numeral or letteral string.,,,,,
bu,convert any single word to BY.,,,,,
bu'a,logically quantified predicate variable: some selbri 1.,,,,,
bu'e,logically quantified predicate variable: some selbri 2.,,,,,
bu'i,logically quantified predicate variable: some selbri 3.,,,,,
bu'o,attitudinal contour: start emotion - continue emotion - end emotion.,,,,,
bu'oi,Interjection: Boo!,A way to shock people analogous to yelling BOO! at someone.,,,,
bu'u,location tense relation/direction; coincident with/at the same place as; space equivalent of ca.,,,,,
by,letteral for b.,,,,,
ca,time tense relation/direction: is [selbri]; during/simultaneous with [sumti]; present tense.,,,,,
ca'a,modal aspect: actuality/ongoing event.,,,,,
ca'e,evidential: I define.,"See also {mitcu'a}, {mitsmu}.",,,,
ca'i,"catni modal, 1st place                            by authority of ...",,,,,
ca'o,interval event contour: during ...; continuative                                    |-----|.,,,,,
ca'u,location tense relation/direction; forwards/to the front of ...,,,,,
cai,attitudinal: strong intensity attitude modifier.,,,,,
cau,"claxu modal, 1st place                            lacked by ...",,,,,
ce,"non-logical connective: set link, unordered; and also, but forming a set.",,,,,
ce'a,"2-word letteral/shift: the word following indicates a new font (e.g. italics, manuscript).",,,,,
ce'ai,lambda variable prenex; marks the end of introduction of lambda-scope variables.,"Cf. {zo'u}. In effect this word is used as a shortcut around verbose repeated assignment in a {ka} prenex: lo ka ce'u goi ko'a ce'u goi ko'e ... zo'u ... is the same as lo ka ko'a ko'e ... ce'ai ... In either form this style can be used to avoid subscripting and to disambiguate nested {ka}, {ni}, etc.",,,,
ce'e,links terms into an afterthought termset.,,,,,
ce'i,"digit/number: % percentage symbol, hundredths.",,,,,
ce'o,"non-logical connective: ordered sequence link; and then, forming a sequence.",,,,,
ce'oi,argument list separator: acts as a comma between arguments in an argument list supplied to a function.,"ce'oi is the word of choice to separate the arguments in bridi3. Using {ce'o} there has obvious limitations when the selbri actually calls for a sequence. Obviously, ce'oi has issues too if the selbri can accept an argument list, but this can be circumvented more readily with {ke}...{ke'e} brackets than it can with {ce'o}. Consider .i lo ka broda cu selbri fi ko'a ce'o ko'e. Without inspecting the type requirements of {broda} and the respective types of {ko'a} and {ko'e}, one cannot determine the meaning of the {bridi}. Furthermore, if one accepts non-static typing of {sumti} places, multiple correct answers can be given for a question asking what is the bridi1. This would create ambiguity that is otherwise resolved by ce'oi. See also {ka}, {du'u}, {me'au}.",,,,
ce'u,pseudo-quantifier binding a variable within an abstraction that represents an open place.,,,,,
cei,selbri variable assignment; assigns broda series pro-bridi to a selbri.,,,,,
ci,digit/number: 3 (digit) [three].,,,,,
ci'e,"ciste modal, 1st place used in scalar negation    in system/context ...",,,,,
ci'i,digit/number: infinity; followed by digits => aleph cardinality.,,,,,
ci'o,"cinmo modal, 1st place                            emotionally felt by ...",,,,,
ci'oi,Converts following cmevla or zoi-quote into psychomime. ,"Narrower term than {tai'i}. See also {ci'o}, {cinmo}, {sa'ei}, {ki'ai}. Examples in some languages. jpn: そわそわ (sowasowa): restlessly. nep: सुखदुख (sukhadukha): lit. happiness-sorrow; the human condition. eng: zing",,,,
ci'u,"ckilu modal, 1st place                            on the scale ...",,,,,
co,tanru inversion operator; ... of type ...; allows modifier trailing sumti without sumti links.,,,,,
co'a,interval event contour: at the starting point of ...; initiative                   >|<    |.,,,,,
co'e,elliptical/unspecified bridi relationship.,,,,,
co'i,interval event contour: at the instantaneous point of ...; achievative/perfective; point event   >|<.,,,,,
co'o,vocative: partings/good-bye.,,,,,
co'oi,"Combination of {coi} and {co'o}, indicating either greetings or partings according to context.","The scalar negated forms of this COI are apparently identical to its positive form. cf. {coi}, {co'o}, {rinsa}, {tolrinsa}.",,,,
co'u,interval event contour: at the ending point of ... even if not done; cessative      |  >< |.,,,,,
coi,vocative: greetings/hello.,,,,,
cu,"elidable marker: separates selbri from preceding sumti, allows preceding terminator elision.",,,,,
cu'a,unary mathematical operator: absolute value/norm  |a|.,,,,,
cu'e,tense/modal question.,,,,,
cu'ei,discursive: indicate a change in speaker; used generally in quotations.,Considered to have {sa'a} attached to it by default. Using {sa'anai} would cancel that effect. Used to quote dialogues.,,,,
cu'i,attitudinal: neutral scalar attitude modifier.,,,,,
cu'o,convert number to probability selbri; event x1 has probability (n) of occurring under cond. x2.,,,,,
cu'u,"cusku modal, 1st place (attribution/quotation)    as said by source ...; used for quotation.",,,,,
cy,letteral for c.,,,,,
da,logically quantified existential pro-sumti: there exists something 1 (usually restricted).,,,,,
da'a,digit/number: all except n; all but n; default 1.,,,,,
da'ai,"other than me; person, not an object",Can include {do}. {ma'a} can be defined as {mi} {jo'u} {do} jo'u {da'ai},,,,
da'e,pro-sumti: remote future utterance; He'll tell you tomorrow. IT will be a doozy..,,,,,
da'i,discursive: supposing - in fact.,See also {sruma}.,,,,
da'o,discursive: cancel pro-sumti/pro-bridi assignments.,,,,,
da'oi,attitudinal attribution,"Whereas {dai} simply marks an attitudinal as applying to someone other than the speaker, da'oi explicitly attributes the preceding attitudinal.  In particular, dai is equivalent to da'oi na'e bo mi.",,,,
da'u,pro-sumti: a remote past utterance; She couldn't have known that IT would be true..,,,,,
dai,attitudinal modifier: marks empathetic use of preceding attitudinal; shows another's feelings.,See also {cnijmi}.,,,,
dai'i,attitudinal modifier: supposed emotion - factual emotion,"Used for emotions that are non-factual, for example when talking about hypothetical events. la'a ui dai'i mi ba te dunda lo karce lo mi patfu I will probably be given a car by my dad and I would feel happy about it if that happened.",,,,
dau,digit/number: hex digit A (decimal 10) [ten].,,,,,
dau'i,attitudinal: equal intensity attitudinal relativizer ,"Specifies an equal intensity - relative to any previously specified intensity of the same UI/cmavo. See also {mau'i}, {me'ai}, {cu'i} ",,,,
de,logically quantified existential pro-sumti: there exists something 2 (usually restricted).,,,,,
de'a,event contour for a temporary halt and ensuing pause in a process.,,,,,
de'e,pro-sumti: a near future utterance.,,,,,
de'i,"detri modal, 1st place (for letters)              dated ... ; attaches date stamp.",,,,,
de'o,binary mathematical operator: logarithm; [log/ln a to base b]; default base 10 or e.,,,,,
de'u,pro-sumti: a recent utterance.,,,,,
dei,pro-sumti: this utterance.,,,,,
dei'o,pro-sumti: this word,mnemonic: dei + zo -> dei'o,,,,
dei'u,pro-sumti: the previous word,,,,,
di,logically quantified existential pro-sumti: there exists something 3 (usually restricted).,,,,,
di'a,event contour for resumption of a paused process.,,,,,
di'ai,vocative: well-wish - curse,"Used to express well-wishes/curses. See also {dimna}, {dapma}, {ki'e}, {doi}",,,,
di'e,pro-sumti: the next utterance.,,,,,
di'i,tense interval modifier: regularly; subjective tense/modal; defaults as time tense.,,,,,
di'o,"diklo modal, 1st place                            in the location of ...",,,,,
di'u,pro-sumti: the last utterance.,,,,,
do,pro-sumti: you listener(s); identified by vocative.,,,,,
do'a,discursive: generously - parsimoniously.,See also {dunda}.,,,,
do'e,elliptical/unspecified modal.,,,,,
do'i,pro-sumti: elliptical/unspecified utterance variable.,,,,,
do'o,pro-sumti: you the listener & others unspecified.,,,,,
do'u,elidable terminator: end vocative (often elidable).,,,,,
doi,generic vocative marker; identifies intended listener; elidable after COI.,,,,,
du,"identity selbri; = sign; x1 identically equals x2, x3, etc.; attached sumti refer to same thing.",,,,,
du'a,location tense relation/direction; east of.,,,,,
du'au,Text to bridi conversion,"Roughly equivalent to just la'e, but precise about the type of the result. Inverse of {lu'au}.",,,,
du'e,digit/number: too many; subjective.,,,,,
du'i,"dunli modal, 1st place (equalled by)              equally; as much as ...",,,,,
du'o,"djuno modal, 1st place (info source)            authoritatively; according to ...; known by ...",,,,,
du'u,abstractor: predication/bridi abstractor; x1 is predication [bridi] expressed in sentence x2.,,,,,
dy,letteral for d.,,,,,
e,logical connective: sumti afterthought and.,,,,,
e'a,attitudinal: granting permission - prohibiting.,See also {curmi}.,,,,
e'e,attitudinal: competence - incompetence/inability.,"See also {kakne}, {certu}.",,,,
e'i,attitudinal: feeling constraint - independence - challenge/resistance against constraint.,"See also {selri'u}, {seljimte}.",,,,
e'o,attitudinal: request - negative request.,"See also {cpedu}, {pikci}.",,,,
e'u,attitudinal: suggestion - abandon suggest - warning.,"See also {stidi}, {kajde}.",,,,
ei,attitudinal: obligation - freedom.,"See also {bilga}, {zifre}.",,,,
fa,sumti place tag: tag 1st sumti place.,,,,,
fa'a,location tense relation/direction; arriving at/directly towards ...,,,,,
fa'e,"fatne modal, 1st place                            backwards; reverse of ...",,,,,
fa'i,unary mathematical operator: reciprocal; multiplicative inverse; [1/a].,,,,,
fa'o,unconditional end of text; outside regular grammar; used for computer input.,,,,,
fa'u,non-logical connective: respectively; unmixed ordered distributed association.,,,,,
fai,sumti place tag: tag a sumti moved out of numbered place structure; used in modal conversions.,,,,,
fau,"fasnu modal, 1st place (non-causal)               in the event of ...",,,,,
fe,sumti place tag: tag 2nd sumti place.,,,,,
fe'a,binary mathematical operator: nth root of; inverse power [a to the 1/b power].,,,,,
fe'e,mark space interval distributive aspects; labels interval tense modifiers as location-oriented.,,,,,
fe'i,n-ary mathematical operator: divided by; division operator; [(((a / b) / c) / ...)].,,,,,
fe'o,vocative: over and out (end discussion).,,,,,
fe'u,elidable terminator: end nonce conversion of selbri to modal; usually elidable.,,,,,
fei,digit/number: hex digit B (decimal 11) [eleven].,,,,,
fi,sumti place tag: tag 3rd sumti place.,,,,,
fi'a,sumti place tag: place structure number/tag question.,,,,,
fi'e,"finti modal, 1st place (creator)                  created by ...",,,,,
fi'i,vocative: hospitality - inhospitality; you are welcome/ make yourself at home.,,,,,
fi'o,convert selbri to nonce modal/sumti tag.,,,,,
fi'oi,copyrights attribution,used to mark the preceding term as being copyrighted. The copyright is attributed to the sumti inside the DOI,,,,
fi'u,"digit/number: fraction slash; default /n => 1/n, n/ => n/1, or / alone => golden ratio.",,,,,
fo,sumti place tag: tag 4th sumti place.,,,,,
fo'a,pro-sumti: he/she/it/they #6 (specified by goi).,,,,,
fo'e,pro-sumti: he/she/it/they #7 (specified by goi).,,,,,
fo'i,pro-sumti: he/she/it/they #8 (specified by goi).,,,,,
fo'o,pro-sumti: he/she/it/they #9 (specified by goi).,,,,,
fo'u,pro-sumti: he/she/it/they #10 (specified by goi).,,,,,
foi,terminator: end composite lerfu; never elidable.,,,,,
fu,sumti place tag: tag 5th sumti place.,,,,,
fu'a,reverse Polish mathematical expression (mex) operator flag.,,,,,
fu'au,discursive: luckily - not pertaining to luck - unluckily.,Expresses fortune/misfortune of the speaker. Use {dai} to express fortune/misfortune of the listener. See also {funca}.,,,,
fu'e,begin indicator long scope.,,,,,
fu'ei,begin within-context quote that need not be grammatical; terminated by fu'oi,see also {fu'oi},,,,
fu'i,attitudinal modifier: easy - difficult.,See also {frili}.,,,,
fu'o,end indicator long scope; terminates scope of all active indicators.,,,,,
fu'oi,terminates scope started with fu'ei,see also {fu'ei},,,,
fu'u,n-ary mathematical operator: elliptical/unspecified mathematical expression (mex) operator.,,,,,
fy,letteral for f.,,,,,
ga,logical connective: forethought all but tanru-internal or (with gi).,,,,,
ga'a,"zgana modal, 1st place                            to observer ... ; witnessed by ...",,,,,
ga'e,upper-case letteral shift.,,,,,
ga'i,attitudinal modifier/honorific: hauteur - equal rank - meekness; used with one of lower rank.,"See also {gapru}, {cnita}.",,,,
ga'o,closed interval bracket marker; mod. intervals in non-logical connectives; include boundaries.,,,,,
ga'oi,"evidential: I disagree with you vehemently, but offer no substantive counterarguments/information pulled from my ass",Approximately the same as '{.ie} {nai} {le'o} {ju'a}'. See {ga'i},,,,
ga'u,location tense relation/direction; upwards/up from ...,,,,,
gai,digit/number: hex digit C (decimal 12) [twelve].,,,,,
gau,"gasnu modal, 1st place agent/actor case tag       with active agent ...",,,,,
ge,logical connective: forethought all but tanru-internal and (with gi).,,,,,
ge'a,mathematical operator: null mathematical expression (mex) operator (used in >2-ary ops).,,,,,
ge'e,attitudinal: elliptical/unspecified/non-specific emotion; no particular feeling.,,,,,
ge'i,logical connective: forethought all but tanru-internal connective question (with gi).,,,,,
ge'o,shift letterals to Greek alphabet.,,,,,
ge'u,elidable terminator: end GOI relative phrases; usually elidable in non-complex phrases.,,,,,
gei,trinary mathematical operator: order of magnitude/value/base; [b * (c to the a power)].,,,,,
gi,logical connective: all but tanru-internal forethought connective medial marker.,,,,,
gi'a,logical connective: bridi-tail afterthought or.,,,,,
gi'e,logical connective: bridi-tail afterthought and.,,,,,
gi'i,logical connective: bridi-tail afterthought conn question.,,,,,
gi'o,logical connective: bridi-tail afterthought biconditional/iff/if-and-only-if.,,,,,
gi'u,logical connective: bridi-tail afterthought whether-or-not.,,,,,
go,logical connective: forethought all but tanru internal biconditional/iff/if-and-only-if(with gi).,,,,,
go'a,pro-bridi: repeats a recent bridi (usually not the last 2).,,,,,
go'e,pro-bridi: repeats the next to last bridi.,,,,,
go'i,"pro-bridi: preceding bridi; in answer to a yes/no question, repeats the claim, meaning yes.",,,,,
go'o,"pro-bridi: repeats a future bridi, normally the next one.",,,,,
go'u,pro-bridi: repeats a remote past bridi.,,,,,
goi,sumti assignment; used to define/assign ko'a/fo'a series pro-sumti; Latin 'sive'.,,,,,
gu,logical connective: forethought all but tanru-internal whether-or-not (with gi).,,,,,
gu'a,logical connective: tanru-internal forethought or (with gi).,,,,,
gu'e,logical connective: tanru-internal forethought and (with gi).,,,,,
gu'i,logical connective: tanru-internal forethought question (with gi).,,,,,
gu'o,logical connective: tanru-internal forethought biconditional/iff/if-and-only-if (with gi).,,,,,
gu'u,logical connective: tanru-internal forethought whether-or-not (with gi).,,,,,
gy,letteral for g.,,,,,
i,sentence link/continuation; continuing sentences on same topic; normally elided for new speakers.,,,,,
i'a,attitudinal: acceptance - blame.,"See also {nalna'e}, {nalpro}, {no'epro}, {nalzugjdi}.",,,,
i'e,attitudinal: approval - non-approval - disapproval.,See also {zanru}.,,,,
i'i,attitudinal: togetherness - privacy.,"See also {kansa}, {gunma}, {sivni}, {sepli}.",,,,
i'o,attitudinal: appreciation - envy.,"See also {ckire}, {jilra}.",,,,
i'u,attitudinal: familiarity - mystery.,"See also {slabu}, {nalni'o}, {kufra}.",,,,
ia,attitudinal: belief - skepticism - disbelief.,"See also {krici}, {jinvi}.",,,,
ie,attitudinal: agreement - disagreement.,See also {tugni}.,,,,
ii,attitudinal: fear - security.,"See also {terpa}, {snura}.",,,,
io,attitudinal: respect - disrespect.,See also {sinma}.,,,,
iu,attitudinal: love - no love lost - hatred.,See also {prami}.,,,,
ja,logical connective: tanru-internal afterthought or.,,,,,
ja'a,bridi logical affirmer; scope is an entire bridi.,,,,,
ja'ai,affirm last word: attached to cmavo to affirm them; denies negation by nai whenever it is applicable.,"Suggested by Mark Shoulson in 1999 as an affirmative of {nai}. By analogy with the pairs {na}/{ja'a}, {na'e}/{je'a}, and {na'i}/{jo'a}.",,,,
ja'e,"jalge modal, 1st place                            resultingly; therefore result ...",,,,,
ja'ei,jai equivalent of la'e,tu'a:jai::la'e:ja'ei. So ko'a ja'ei broda equals la'e ko'a broda,,,,
ja'i,"javni modal, 1st place (by standard 1)            orderly; by rule ...",,,,,
ja'o,evidential: I conclude.,"See also {selni'i}, {ni'ikri}.",,,,
jai,convert tense/modal (tagged) place to 1st place; 1st place moves to extra FA place (fai).,,,,,
jai'a,grammatically converts LAhE to SE; semantically the result tags the x1 of the selbri as being LAhE the supplied x1. Can be converted to other than x1 with SE.,Cf. {jai} in the TAG sense. Note that {jai} in the non-TAG sense is the same as jai'a tu'a. Example usage: lo tadni cu jai'a lu'o sruri lo dinju gi'e krixa <-> loi tadni cu sruri lo dinju gi'e jai'a lu'a krixa <-> loi tadni cu sruri lo dinju .ije lu'a lo go'i cu krixa,,,,
jau,digit/number: hex digit D (decimal 13) [thirteen].,,,,,
je,logical connective: tanru-internal afterthought and.,,,,,
je'a,scalar affirmer; denies scalar negation: Indeed!.,,,,,
je'ai,NAhE question.,,,,,
je'e,vocative: roger (ack) - negative acknowledge; used to acknowledge offers and thanks.,,,,,
je'i,logical connective: tanru-internal afterthought conn question.,,,,,
je'o,shift letterals to Hebrew alphabet.,,,,,
je'u,discursive: truth - falsity.,See also {jetnu}.,,,,
jei,abstractor: truth-value abstractor; x1 is truth value of [bridi] under epistemology x2.,,,,,
ji,logical connective: sumti afterthought connective question.,,,,,
ji'a,discursive: additionally.,See also {jmina}.,,,,
ji'e,"jimte modal, 1st place                            limitedly; up to limit ...",,,,,
ji'i,digit/number: approximately (default the typical value in this context) (number).,,,,,
ji'o,"jitro modal, 1st place (control)                  controlledly; under direction of ...",,,,,
ji'u,"jicmu modal, 1st place (assumptions);             given that ...; based on ...",,,,,
jo,logical connective: tanru-internal afterthought biconditional/iff/if-and-only-if.,,,,,
jo'a,discursive: metalinguistic affirmer.,See also {drani}.,,,,
jo'e,non-logical connective: union of sets.,,,,,
jo'i,join mathematical expression (mex) operands into an array.,,,,,
jo'o,shift letterals to Arabic alphabet.,,,,,
jo'u,non-logical connective: in common with; along with (unmixed).,,,,,
joi,"non-logical connective: mixed conjunction; and meaning mixed together, forming a mass.",,,,,
ju,logical connective: tanru-internal afterthought whether-or-not.,,,,,
ju'a,evidential: I state - (default) elliptical/non-specific basis.,See also {xusra}.,,,,
ju'e,vague non-logical connective: analogous to plain .i.,,,,,
ju'i,vocative: attention - at ease - ignore me.,,,,,
ju'o,attitudinal modifier: certainty - uncertainty - impossibility.,"See also {birti}, {cumki}.",,,,
ju'u,binary mathematical operator: number base; [a interpreted in the base b].,,,,,
jy,letteral for j.,,,,,
ka,abstractor: property/quality abstractor (-ness); x1 is quality/property exhibited by [bridi].,,,,,
ka'a,"klama modal, 1st place                            gone to by ...",,,,,
ka'ai,"kansa modal, 1 place; with .../with a companion ...",See also {kansa},,,,
ka'e,modal aspect: innate capability; possibly unrealized.,,,,,
ka'i,"krati modal, 1st place                            represented by ...",,,,,
ka'o,digit/number: imaginary i; square root of -1.,,,,,
ka'u,evidential: I know by cultural means (myth or custom).,See also {kluju'o}.,,,,
kai,"ckaji modal, 1st place                            characterizing ...",,,,,
kau,discursive: marks word serving as focus of indirect question: I know WHO went to the store.,,,,,
ke,"start grouping of tanru, etc; ... type of ... ; overrides normal tanru left grouping.","Cf. {ke'e}, {bo}.",,,,
ke'a,pro-sumti: relativized sumti (object of relative clause).,,,,,
ke'e,elidable terminator: end of tanru left grouping override (usually elidable).,,,,,
ke'i,open interval bracket marker; modifies intervals in non-logical connectives; exclude boundaries.,,,,,
ke'o,vocative: please repeat.,,,,,
ke'u,discursive: repeating - continuing.,"See also {refbasna}, {krefu}, {rapli}, {velde'a}.",,,,
kei,elidable terminator: end abstraction bridi (often elidable).,,,,,
ki,tense/modal: set/use tense default; establishes new open scope space/time/modal reference base.,,,,,
ki'a,attitudinal question: confusion about something said.,"See also {cfipu}, {kucli}.",,,,
ki'ai,Converts following cmevla or zoi-quote into a nonce interjection/attitudinal.,"See {sa'ei}, {ci'oi}, {tai'i}.",,,,
ki'e,vocative: thanks - no thanks to you.,,,,,
ki'i,"ckini modal, 1st place (related to)               relatively; as a relation of ...",,,,,
ki'o,digit/number: number comma; thousands.,,,,,
ki'u,"krinu modal, 1st place (justified by)             justifiably; because of reason ...",,,,,
ko,"pro-sumti: you (imperative); make it true for you, the listener.",,,,,
ko'a,pro-sumti: he/she/it/they #1 (specified by goi).,,,,,
ko'e,pro-sumti: he/she/it/they #2 (specified by goi).,,,,,
ko'i,pro-sumti: he/she/it/they #3 (specified by goi).,,,,,
ko'o,pro-sumti: he/she/it/they #4 (specified by goi).,,,,,
ko'oi,discursive: imperative/hortative,"``{ko}'' is a short form of ''{do} {ko'oi}''; broader term than {au}, {a'o}, {e'o}, {e'u}, {e'a}, {ei}; {minde}, {cpedu}, {curmi}, {pacna}, {stidi}, {djica}, {bilga}",,,,
ko'u,pro-sumti: he/she/it/they #5 (specified by goi).,,,,,
koi,"korbi modal, 1st place (bordered by)              bounded by ...",,,,,
ku,"elidable terminator: end description, modal, or negator sumti; often elidable.",,,,,
ku'a,non-logical connective: intersection of sets.,,,,,
ku'e,elidable terminator: end mathematical (mex) forethought (Polish) expression; often elidable.,,,,,
ku'i,discursive: however/but/in contrast.,"See also {karbi}, {dukti}, {nalpanra}.",,,,
ku'o,"elidable terminator: end NOI relative clause; always elidable, but preferred in complex clauses.",,,,,
ku'u,"kulnu modal, 1st place                            in culture ...",,,,,
ky,letteral for k.,,,,,
la,name descriptor: the one(s) called ... ; takes name or selbri description.,,,,,
la'a,discursive: probability - improbability.,See also {lakne}.,,,,
la'au,start grammatical name quotation; the quoted text is an identifier and must be grammatical on its own.,Used to make more complex names where simple {la} doesn't apply. Artibrary non-lojban text can be quoted with {la'o}.,,,,
la'e,the referent of (indirect pointer); uses the referent of a sumti as the desired sumti.,,,,,
la'ei,combines LA with DOI,"used to address someone in the 2nd person by name and use that as a sumti at the same time, that is: {do} {doi} {la} {broda} is equivalent to la'ei {broda}",,,,
la'i,name descriptor: the set of those named ... ; takes name or selbri description.,,,,,
la'o,delimited non-Lojban name; the resulting quote sumti is treated as a name.,,,,,
la'oi,single-word non-Lojban name; quotes a single non-Lojban word delimited by pauses and treats it as a name,"See also {la'o}, {zo'oi}.",,,,
la'u,"klani modal, 1st place (amount)                   quantifying ...; being a quantity of ...",,,,,
lai,name descriptor: the mass of individual(s) named ... ; takes name or selbri description.,,,,,
lau,2-word letteral/shift: punctuation mark or special symbol follows.,,,,,
le,non-veridical descriptor: the one(s) described as ...,,,,,
le'a,"klesi modal, 1st place (scalar set)               in/of category ...",,,,,
le'ai,replace recent mistakenly uttered text,"The {lo'ai} ... {sa'ai} ... {le'ai} replacement construct asks the listener to replace the text after {lo'ai} with the text after {sa'ai}.  The order {sa'ai} ... {lo'ai} ... {le'ai} is also allowed, and either or both parts can be omitted and thus left up to context.  When both parts are omitted, the word {le'ai} on its own indicates that a mistake was made while leaving all the details up to context. It is also possible to attach SAI to a le'ai construct: le'ai {dai} (or le'ai {da'oi} ko'a) indicates that someone else made a mistake; le'ai {pei} asks whether someone else made a mistake; and {sai}, {ru'e} and {cu'i} can be used to indicate the importance of the substitution. Furthermore, le'ai {nai} can be used to explicitly deny mistakes instead of acknowledging them (compare sic).",,,,
le'e,non-veridical descriptor: the stereotype of those described as ...,,,,,
le'i,"non-veridical descriptor: the set of those described as ..., treated as a set.",,,,,
le'o,attitudinal modifier: aggressive - passive - defensive.,"See also {gunta}, {bandu}.",,,,
le'u,end quote of questionable or out-of-context text; not elidable.,,,,,
lei,non-veridical descriptor: the mass of individual(s) described as ...,,,,,
li,the number/evaluated expression; convert number/operand/evaluated math expression to sumti.,,,,,
li'a,discursive: clearly - obscurely.,See also {klina}.,,,,
li'ai,unevaluated mekso as name.,"Where la broda brode is to la'e lu broda brode as li'ai by cy is to la'e me'o by cy. See also {li}, {me'o}, {la}, {la'e}.",,,,
li'e,"lidne modal, 1st place                            preceded by ...; non-time sequencing.",,,,,
li'i,abstractor: experience abstractor; x1 is x2's experience of [bridi] (participant or observer).,,,,,
li'o,discursive: omitted text (quoted material).,,,,,
li'u,elidable terminator: end grammatical quotation; seldom elidable except at end of text.,,,,,
lo,veridical descriptor: the one(s) that really is(are) ...,"Terminated with {ku}. Under the xorlo reform, {lo} converts a selbri to a sumti in a rather generic way. In particular, lo broda = {zo'e} noi broda.",,,,
lo'a,shift letterals to Lojban (Roman) alphabet.,,,,,
lo'ai,start quote of recent mistakenly uttered text to be replaced,See {le'ai}.,,,,
lo'e,veridical descriptor: the typical one(s) who really is(are) ...,,,,,
lo'i,"veridical descriptor: the set of those that really are ..., treated as a set.",,,,,
lo'o,elidable terminator: end math express.(mex) sumti; end mex-to-sumti conversion; usually elidable.,,,,,
lo'u,"start questionable/out-of-context quote; text should be Lojban words, but needn't be grammatical.",Terminated by {le'u}.,,,,
loi,veridical descriptor: the mass of individual(s) that is(are) ...,,,,,
lu,start grammatical quotation; quoted text should be grammatical on its own.,,,,,
lu'a,the members of the set/components of the mass; converts another description type to individuals.,,,,,
lu'au,Bridi to text conversion,"Essentially equivalent to {se} in the context of a {se} {du'u}. Inverse of {du'au}; however note that this is not single-valued, while {du'au} (provided context) is single-valued. Hence lu'au du'au is a useful idiom for constructing a text which has the same basic meaning as another text but is not necessarily the same text.",,,,
lu'e,the symbol for (indirect discourse); uses the symbol/word(s) for a sumti as the desired sumti.,,,,,
lu'i,the set with members; converts another description type to a set of the members.,,,,,
lu'o,the mass composed of; converts another description type to a mass composed of the members.,,,,,
lu'u,elidable terminator: end of sumti qualifiers; usually elidable except before a sumti.,,,,,
ly,letteral for l.,,,,,
ma,pro-sumti: sumti question (what/who/how/why/etc.); appropriately fill in sumti blank.,,,,,
ma'a,pro-sumti: me/we the speaker(s)/author(s) & you the listener(s) & others unspecified.,,,,,
ma'e,"marji modal, 1st place                            material in object/substance ...",,,,,
ma'i,"manri modal, 1st place (by standard 2)            in reference frame ...",,,,,
ma'o,convert letteral string or other mathematical expression (mex) operand to mex operator.,,,,,
ma'oi,selma'o quote; quotes a word (a cmavo) and uses it to name a selma'o.,Example: ma'oi coi is equivalent to COI. See also {ra'oi}. ,,,,
ma'u,digit/number: plus sign; positive number; default any positive.,,,,,
mai,"utterance ordinal suffix; converts a number to an ordinal, such as an item or paragraph number.",,,,,
mau,"zmadu modal, 1st place (a greater)                exceeded by ... ; usually a sumti modifier.",,,,,
mau'i,attitudinal: stronger intensity attitudinal relativizer ,"Specifies a stronger intensity - relative to any previously specified intensity of the same UI/cmavo. CAI2 after CAI specifies an absolute intensity - but the CAI2 specifies the relative shift from the regular value. CAI after CAI2 specifies an relative value - and the CAI denotes the relative amount interval size. See also {me'ai}, {dau'i}, {sai}",,,,
me,convert sumti to selbri/tanru element; x1 is specific to [sumti] in aspect x2.,,,,,
me'a,"mleca modal, 1st place (a lesser)                 undercut by ... ; usually a sumti modifier.",,,,,
me'ai,attitudinal: weaker intensity attitudinal relativizer ,"Specifies a stronger intensity - relative to any previously specified intensity of the same UI/cmavo. See also {mau'i}, {dau'i}, {ru'e}",,,,
me'au,Convert abstract predicate sumti back to predicate,Has an inverse: {me'ei},,,,
me'e,"cmene modal, 1st place (requires quote)           with name ...; so-called ...",,,,,
me'ei,Article for abstract predicate sumti,Has an inverse: {me'au},,,,
me'i,digit/number: less than.,,,,,
me'o,the mathematical expression (unevaluated); convert unevaluated mathematical expression to sumti.,,,,,
me'oi,non-Lojban brivla,Quick way to borrow foreign words into Lojban. Also known as stage-0 fu'ivla. Equivalent to {me'ei} {zo'oi}.,,,,
me'u,elidable terminator: end sumti that was converted to selbri; usually elidable.,,,,,
mei,convert number to cardinality selbri; x1 is the mass formed from set x2 whose n member(s) are x3.,"[x1 is a mass with N components x3 composing set x2; x2 is an n-tuple (x2 is completely specified) (= {selmei} for reordered places); x1 forms an n-some; x3 (not necessarily a complete enumeration) are among the members of x2]; See also {cmima}, {gunma}, cmavo list {moi}.",,,,
mi,pro-sumti: me/we the speaker(s)/author(s); identified by self-vocative.,,,,,
mi'a,"pro-sumti: me/we the speaker(s)/author(s) & others unspecified, but not you, the listener.",,,,,
mi'ai,we; I (the speaker) and at least one another person,"English we. {mi'a}, {mi'o} and {ma'a} are more specific cases of {mi'ai}. {mi'ai} = {mi} {jo'u} {da'ai}",,,,
mi'e,self vocative: self-introduction - denial of identity; identifies speaker.,,,,,
mi'i,"non-logical interval connective: ordered components: ... center, ... range surrounding center.",,,,,
mi'o,pro-sumti: me/we the speaker(s)/author(s) & you the listener(s).,,,,,
mi'u,discursive: ditto.,See also {mintu}.,,,,
mo,pro-bridi: bridi/selbri/brivla question.,,,,,
mo'a,digit/number: too few; subjective.,,,,,
mo'e,convert sumti to mex operand; sample use in story arithmetic: [3 apples] + [3 apples] = what.,,,,,
mo'i,mark motions in space-time.,,,,,
mo'o,"higher-order utterance ordinal suffix; converts a number to ordinal, usually a section/chapter.",,,,,
mo'u,interval event contour: at the natural ending point of ...; completive              |    >|<.,,,,,
moi,convert number to ordinal selbri; x1 is (n)th member of set x2 ordered by rule x3.,,,,,
mu,digit/number: 5 (digit) [five].,,,,,
mu'a,discursive: for example - omitting - end examples.,See also {mupli}.,,,,
mu'e,abstractor: achievement (event) abstractor; x1 is the event-as-a-point/achievement of [bridi].,,,,,
mu'ei,Converts PA into tense; in [number (usually nonspecific)] possible worlds/alternate histories where [sumti (du'u)] is true,Includes what may have happened if the past were different from the actual past. See {ba'oi},,,,
mu'i,"mukti modal, 1st place                            because of motive ...",,,,,
mu'o,vocative: over (response OK) - more to come.,,,,,
mu'u,"mupli modal, 1st place                            exemplified by ...",,,,,
my,letteral for m.,,,,,
na,bridi contradictory negator; scope is an entire bridi; logically negates in some cmavo compounds.,,,,,
na'a,cancel all letteral shifts.,,,,,
na'e,contrary scalar negator: other than ...; not ...; a scale or set is implied.,,,,,
na'ei,Contradictory negation of a predicate,"The quantifier negation laws can be stated as: naku ro da zo'u da broda .ijo [su'o] da zo'u da na'ei broda, naku [su'o] da zo'u da broda .ijo ro da zo'u da na'ei broda.  ",,,,
na'i,discursive: metalinguistic negator.,"See also {naldra}, {nalmapti}.",,,,
na'o,tense interval modifier: characteristically/typically; tense/modal; defaults as time tense.,,,,,
na'u,"convert selbri to mex operator; used to create less-used operators using fu'ivla, lujvo, etc.",,,,,
nai,attached to cmavo to negate them; various negation-related meanings.,,,,,
nau,tense: refers to current space/time reference absolutely.,,,,,
ne,non-restrictive relative phrase marker: which incidentally is associated with ...,,,,,
ne'a,location tense relation/direction; approximating/next to ...,,,,,
ne'e,polar opposite scalar negator; equivalent to {to'e} but in selma'o CAI,See also {to'e},,,,
ne'i,location tense relation/direction; within/inside of/into ...,,,,,
ne'o,unary mathematical operator: factorial; a!.,,,,,
ne'u,location tense relation/direction; south of.,,,,,
nei,pro-bridi: repeats the current bridi.,,,,,
nei'o,pro-sumti: this paragraph,,,,,
ni,abstractor: quantity/amount abstractor; x1 is quantity/amount of [bridi] measured on scale x2.,,,,,
ni'a,location tense relation/direction; downwards/down from ...,,,,,
ni'e,convert selbri to mex operand; used to create new non-numerical quantifiers; e.g. herd of oxen.,,,,,
ni'i,"nibli modal, 1st place                            logically; logically because ...",,,,,
ni'o,discursive: paragraph break; introduce new topic.,,,,,
ni'u,digit/number: minus sign; negative number); default any negative.,,,,,
no,digit/number: 0 (digit) [zero].,,,,,
no'a,pro-bridi: repeats the bridi in which this one is embedded.,,,,,
no'e,midpoint scalar negator: neutral point between je'a and to'e; not really.,,,,,
no'i,discursive: paragraph break; resume previous topic.,,,,,
no'o,digit/number: typical/average value.,,,,,
no'oi,Selbri incidental relative clause; attaches to a selbri with the ke'a being 'me'ei the attached selbri',"Cf. {me'ei}, {me'au}, {noi}, {po'oi}.",,,,
no'u,non-restrictive appositive phrase marker: which incidentally is the same thing as ...,,,,,
noi,non-restrictive relative clause; attaches subordinate bridi with incidental information.,,,,,
nu,abstractor: generalized event abstractor; x1 is state/process/achievement/activity of [bridi].,Terminated with {kei}.,,,,
nu'a,convert mathematical expression (mex) operator to a selbri/tanru component.,,,,,
nu'e,vocative: promise - promise release - un-promise.,,,,,
nu'i,start forethought termset construct; marks start of place structure set with logical connection.,,,,,
nu'o,modal aspect: can but has not; unrealized potential.,,,,,
nu'u,elidable terminator: end forethought termset; usually elidable except with following sumti.,,,,,
ny,letteral for n.,,,,,
o,logical connective: sumti afterthought biconditional/iff/if-and-only-if.,,,,,
o'a,attitudinal: pride - modesty/humility - shame.,"See also {jgira}, {cumla}, {ckeji}.",,,,
o'ai,vocative: slightly surprised greetings,"See also {xai}, {coi}, {co'oi}",,,,
o'e,attitudinal: closeness - distance.,"See also {cnijbi}, {cnikansa}.",,,,
o'i,attitudinal: caution - rashness.,"See also {capyrivbi}, {capfanta}, {srerivbi}, {srefanta}, {naldarsi}, {seljde}.",,,,
o'o,attitudinal: patience - mere tolerance - anger.,"See also {fengu}, {to'ersteba}, {de'acni}",,,,
o'u,attitudinal: relaxation - composure - stress.,"See also {surla}, {cnilanxe}, {dunku}.",,,,
oi,attitudinal: complaint - pleasure.,"See also {pante}, {pluka}, {kufra}.",,,,
pa,digit/number: 1 (digit) [one].,,,,,
pa'a,"panra modal, 1st place (parallel; shared property) similarly; in addition to ...",,,,,
pa'e,discursive: justice - prejudice.,"See also {tcinydracu'a}, {tcinydrapai}, {vudypai}.",,,,
pa'i,binary mathematical operator: ratio; [the ratio of a to b].,,,,,
pa'o,location tense relation/direction; transfixing/passing through ...,,,,,
pa'u,"pagbu modal, 1st place                            having component ...",,,,,
pai,digit/number: pi (approximately 3.1416...).,,,,,
pau,discursive: optional question premarker.,See also {preti}.,,,,
pe,restrictive relative phrase marker: which is associated with ...; loosest associative/possessive.,,,,,
pe'a,marks a construct as figurative (non-literal/metaphorical) speech/text.,,,,,
pe'e,marks the following connective as joining termsets.,,,,,
pe'i,evidential: I opine (subjective claim).,                  See also {jinvi}.,,,,
pe'o,forethought flag for mathematical expression (mex) Polish (forethought) operator.,,,,,
pe'u,vocative: please.,,,,,
pei,attitudinal: attitudinal question; how do you feel about it? with what intensity?.,,,,,
pi,digit/number: radix (number base) point; default decimal.,,,,,
pi'a,n-ary mathematical operator: operands are vectors to be treated as matrix rows.,,,,,
pi'ai,Prefix multiplication of unit selbri,"Cf. {te'ai}. Used to construct selbri for units such as coulombs, which is pi'ai xampo snidu [ke'e] which is x1 is measured in Coulombs (Ampere-seconds) as x2 (li) etc. Since pi'ai is prefix, pi'ai mitre snidu grake [ke'e] is m s g, etc.; separate multipliers are not necessary.",,,,
pi'e,"digit/number:separates digits for base >16, not current standard, or variable (e.g. time, date).",,,,,
pi'i,n-ary mathematical operator: times; multiplication operator; [(((a * b) * c) * ...)].,,,,,
pi'o,"pilno modal, 1st place                            used by ...",,,,,
pi'u,non-logical connective: cross product; Cartesian product of sets.,,,,,
po,restrictive relative phrase marker: which is specific to ...; normal possessive physical/legal.,,,,,
po'e,restrictive relative phrase marker: which belongs to ... ; inalienable possession.,,,,,
po'i,"porsi modal, 1st place (in order)                 sequentially; in the sequence ...",,,,,
po'o,"discursive: uniquely, only, solely: the only relevant case.","See also {pamei}, {mulno}, {frica}.",,,,
po'oi,selbri restrictive relative clause; attaches to a selbri with the ke'a being me'ei the attached-selbri,"Cf. {me'ei}, {me'au}, {no'oi}, {poi}.",,,,
po'u,restrictive appositive phrase marker: which is the same thing as.,,,,,
poi,restrictive relative clause; attaches subordinate bridi with identifying information to a sumti.,,,,,
pu,time tense relation/direction: did [selbri]; before/prior to [sumti]; default past tense.,,,,,
pu'a,"pluka modal, 1st place                            pleased by ...",,,,,
pu'au,tense: refers to past of current space/time reference absolutely,before the time of {nau},,,,
pu'e,"pruce modal, 1st place (in manner 1)              by process ...",,,,,
pu'i,modal aspect: can and has; demonstrated potential.,,,,,
pu'o,interval event contour: in anticipation of ...;  until ... ; inchoative         ----|     |.,,,,,
pu'u,abstractor: process (event) abstractor; x1 is process of [bridi] proceeding in stages x2.,,,,,
py,letteral for p.,,,,,
ra,"pro-sumti: a recent sumti before the last one, as determined by back-counting rules.",,,,,
ra'a,"srana modal, 1st place                            pertained to by ... (generally more specific).",,,,,
ra'e,digit/number: repeating digits (of a decimal) follow.,,,,,
ra'i,"krasi modal, 1st place                            from source/origin/starting point ...",,,,,
ra'o,flag GOhA to indicate pro-assignment context updating for all pro-assigns in referenced bridi.,,,,,
ra'oi,single-word rafsi quote; quotes a single word delimited by pauses (in speech) or whitespace (in writing) and treats it as a rafsi,Useful for quoting rafsi that aren't legal words on their own. See http://www.lojban.org/tiki/Unspeakable+rafsi+gotcha for details.,,,,
ra'u,discursive: chiefly - equally - incidentally.,"See also {ralju}, {vajni}.",,,,
rai,"traji modal, 1st place                            with superlative ...",,,,,
rau,digit/number: enough; subjective.,,,,,
re,digit/number: 2 (digit) [two].,,,,,
re'a,unary mathematical operator: matrix transpose/dual; A*.,,,,,
re'e,emotion category/modifier: religious/spiritual/worship - sacrilege.,See also {lijda}.,,,,
re'i,vocative: ready to receive - not ready to receive.,,,,,
re'o,location tense relation/direction; adjacent to/touching/contacting ...,,,,,
re'u,converts number to an objectively quantified ordinal tense interval modifier; defaults to time.,,,,,
ri,"pro-sumti: the last sumti, as determined by back-counting rules.",,,,,
ri'a,"rinka modal, 1st place (phys./mental)             causal because ...",,,,,
ri'e,attitudinal modifier: release of emotion - emotion restraint.,"See also {cniri'u}, {cnicru}.",,,,
ri'i,"lifri modal, 1st place patient/passive case tag; happens to...,experienced by...,with passive...",,,,,
ri'o,trinary mathematical operator: [integral of a with respect to b over range c].,,,,,
ri'u,location tense relation/direction; rightwards/to the right of ...,,,,,
ro,"digit/number: each, all.",,,,,
ro'a,emotion category/modifier: social - antisocial.,See also {jikca}.,,,,
ro'e,emotion category/modifier: mental - mindless.,See also {menli}.,,,,
ro'i,emotion category/modifier: emotional - denying emotion.,See also {cinmo}.,,,,
ro'o,emotion category/modifier: physical - denying physical.,See also {xadni}.,,,,
ro'u,emotion category/modifier: sexual - sexual abstinence.,See also {cinse}.,,,,
roi,converts number to an objectively quantified tense interval modifier; defaults to time tense.,,,,,
ru,"pro-sumti: a remote past sumti, before all other in-use backcounting sumti.",,,,,
ru'a,evidential: I postulate.,See also {sruma}.,,,,
ru'e,attitudinal: weak intensity attitude modifier.,,,,,
ru'i,tense interval modifier: continuously; subjective tense/modal; defaults as time tense.,,,,,
ru'o,shift letterals to Cyrillic alphabet.,,,,,
ru'u,location tense relation/direction; surrounding/annular ...,,,,,
ry,letteral for r.,,,,,
sa,erase complete or partial utterance; next word shows how much erasing to do.,,,,,
sa'a,discursive: material inserted by editor/narrator (bracketed text).,See also {setca}.,,,,
sa'ai,start quote of replacement for recent mistakenly uttered text,See {le'ai}.,,,,
sa'e,discursive: precisely speaking - loosely speaking.,"See also {satci}, {jibni}.",,,,
sa'ei,Converts following cmevla or zoi-quote into onomatopoeia. (bam! crash! kapow! etc.),"Narrower term than {tai'i}. See also {sance}, {ci'oi}, {ki'ai}.",,,,
sa'i,n-ary mathematical operator: operands are vectors to be treated as matrix columns.,,,,,
sa'o,trinary mathematical operator: [derivative of a with respect to b of degree c].,,,,,
sa'u,discursive: simply - elaborating.,"See also {sampu}, {pluja}.",,,,
sai,attitudinal: moderate intensity attitude modifier.,,,,,
sau,"sarcu modal, 1st place                            requiring ...",,,,,
se,2nd conversion; switch 1st/2nd places.,,,,,
se'a,attitudinal modifier: self-sufficiency - dependency.,"See also {sezysei}, {kantcu}.",,,,
se'e,"following digits code a character (in ASCII, Unicode, etc.).",,,,,
se'i,attitudinal modifier: self-oriented - other-oriented.,"See also {sevzi}, {drata}.",,,,
se'o,"evidential: I know by internal experience (dream, vision, or personal revelation).",See also {senva}.,,,,
se'u,elidable terminator: end discursive bridi or mathematical precedence;usually elidable.,,,,,
sei,start discursive (metalinguistic) bridi.,,,,,
si,"erase the last Lojban word, treating non-Lojban text as a single word.",,,,,
si'a,discursive: similarly.,"See also {simsa}, {panra}.",,,,
si'au,evidential: it seems that...,,,,,
si'e,convert number to portion selbri; x1 is an (n)th portion of mass/totality x2; (cf. gunma).,,,,,
si'i,trinary mathematical operator: [sigma summation of a using variable b over range c].,,,,,
si'o,abstractor: idea/concept abstractor; x1 is x2's concept of [bridi].,,,,,
si'u,"sidju modal, 1st place (aiding agent)             aided by ...",,,,,
so,digit/number: 9 (digit) [nine].,,,,,
so'a,digit/number: almost all (digit/number).,,,,,
so'e,digit/number: most.,,,,,
so'i,digit/number: many.,,,,,
so'o,digit/number: several.,,,,,
so'u,digit/number: few.,,,,,
soi,discursive: reciprocal sumti marker; indicates a reciprocal relationship between sumti.,,,,,
su,erase to start of discourse or text; drop subject or start over.,,,,,
su'a,evidential: I generalize - I particularize; discursive: abstractly - concretely.,"See also {sucta}, {sucni'i}.",,,,
su'e,digit/number: at most (all); no more than.,,,,,
su'i,n-ary mathematical operator: plus; addition operator; [(((a + b) + c) + ...)].,,,,,
su'o,digit/number: at least (some); no less than.,,,,,
su'u,abstractor: generalized abstractor (how); x1 is [bridi] as a non-specific abstraction of type x2.,,,,,
sy,letteral for s.,,,,,
ta,pro-sumti: that there; nearby demonstrative it; indicated thing/place near listener.,,,,,
ta'a,vocative: interruption.,,,,,
ta'e,tense interval modifier: habitually; subjective tense/modal; defaults as time tense.,,,,,
ta'i,"tadji modal, 1st place (in manner 3)              methodically; by method ...",,,,,
ta'o,discursive: by the way - returning to main point.,"See also {denpa}, {cneterta'a}.",,,,
ta'u,discursive: expanding the tanru - making a tanru.,See also {tanru}.,,,,
tai,"tamsmi modal, 1st place (like)/(in manner 2)      resembling ...; sharing ideal form ...",{tamsmi} is x1 resembles x2 sharing ideal form/shape x3 in property x4,,,,
tai'i,Converts following cmevla or zoi-quote into phenomime. ,"Broader term than {ci'oi} and {sa'ei}. See also {tai}, {tamsmi}, {ki'ai}. Examples in some languages. jpn: しーん (shiin): soundlessly. kor: 슬슬 (seul-seul): gently. nep: हत्तपत्त (hattapatta): immediately.",,,,
tau,2-word letteral/shift: change case for next letteral only.,,,,,
te,3rd conversion; switch 1st/3rd places.,,,,,
te'a,binary mathematical operator: to the power; exponential; [a to the b power].,,,,,
te'ai,Exponentiation of unit selbri,"With {pi'ai}, this word can be used to construct unit selbri; see the notes of {pi'ai} for a simple example. A full example is the units of acceleration, pi'ai mitre snidu te'ai ni'u re [ke'e].",,,,
te'e,location tense relation/direction; edged by/edging up to ...,,,,,
te'o,digit/number: exponential e (approx 2.71828...).,,,,,
te'u,elidable terminator: end conversion between non-mex and mex; usually elidable.,,,,,
tei,composite letteral follows; used for multi-character letterals.,,,,,
ti,pro-sumti: this here; immediate demonstrative it; indicated thing/place near speaker.,,,,,
ti'a,location tense relation/direction; rearwards/to the rear of ...,,,,,
ti'e,evidential: I hear (hearsay).,"See also {tirna}, {sitna}, {tcidu}.",,,,
ti'i,"stidi modal, 1st place                            suggested by ...; proposed by ...",,,,,
ti'o,mathematical expression (mex) operator precedence (discursive).,,,,,
ti'u,"tcika modal, 1st place (for letters)              associated with time ... ; attach time stamp.",,,,,
to,left parenthesis; start of parenthetical note which must be grammatical Lojban text.,,,,,
to'a,lower-case letteral shift.,,,,,
to'ai,conversion: move 3rd place to 1st position. Everything else stays in the same order.,"Before: x1 x2 x3 x4 x5, after: x3 x1 x2 x4 x5. Has the same effect as te se. Proposed rafsi: -toz-",,,,
to'e,polar opposite scalar negator.,,,,,
to'i,open editorial unquote (within a quote); contains grammatical text; mark with editorial insert.,,,,,
to'o,location tense relation/direction; departing from/directly away from ...,,,,,
to'u,discursive: in brief - in detail.,"See also {tordu}, {clani}, {tcidu}.",,,,
toi,elidable terminator: right parenthesis/end unquote; seldom elidable except at end of text.,,,,,
tu,pro-sumti: that yonder; distant demonstrative it; indicated thing far from speaker&listener.,,,,,
tu'a,extracts a concrete sumti from an unspecified abstraction; equivalent to le nu/su'u [sumti] co'e.,,,,,
tu'e,start of multiple utterance scope; used for logical/non-logical/ordinal joining of sentences.,,,,,
tu'i,"stuzi modal, 1st place (used to situate letters)  associated with site ... ; label with location.",,,,,
tu'o,null operand (used in unary mekso operations).,See also {xo'e}.,,,,
tu'u,elidable terminator: end multiple utterance scope; seldom elidable.,,,,,
ty,letteral for t.,,,,,
u,logical connective: sumti afterthought whether-or-not.,,,,,
u'a,attitudinal: gain - loss.,"See also {jinga}, {selne'u}, {prali}, {cirko}.",,,,
u'e,attitudinal: wonder - commonplace.,"See also {manci}, {fadni}.",,,,
u'i,attitudinal: amusement - weariness.,"See also {selzdi}, {selxajmi}, {xalbo}.",,,,
u'o,attitudinal: courage - timidity - cowardice.,See also {virnu}.,,,,
u'u,attitudinal: repentance - lack of regret - innocence.,"See also {xenru}, {zugycni}.",,,,
ua,attitudinal: discovery - confusion/searching.,"See also {facki}, {cfipu}, {sisku}.",,,,
ue,attitudinal: surprise - not really surprised - expectation.,See also {spaji}.,,,,
ui,attitudinal: happiness - unhappiness.,See also {gleki}.,,,,
uo,attitudinal: completion - incompleteness.,"See also {mulno}, {mansa}, {fanmo}, {snada}.",,,,
uu,attitudinal: pity - cruelty.,See also {kecti}.,,,,
va,location tense distance: near to ... ; there at ...; a medium/small distance from ...,,,,,
va'a,unary mathematical operator: additive inverse; [- a].,,,,,
va'e,convert number to scalar selbri; x1 is at (n)th position on scale x2.,,,,,
va'i,discursive: in other words - in the same words.,See also {cneselsku}.,,,,
va'o,"vanbi modal, 1st place (conditions 1)             under conditions ...; in environment ...",,,,,
va'u,"xamgu modal, 1st place beneficiary case tag complement  benefiting from ...",,,,,
vai,digit/number: hex digit F (decimal 15) [fifteen].,,,,,
vau,"elidable: end of sumti in simple bridi; in compound bridi, separates common trailing sumti.",,,,,
ve,4th conversion; switch 1st/4th places.,,,,,
ve'a,location tense interval: a small/medium region of space.,,,,,
ve'e,location tense interval: the whole of space.,,,,,
ve'i,location tense interval: a tiny region of space.,,,,,
ve'o,right mathematical bracket.,,,,,
ve'u,location tense interval: a large region of space.,,,,,
vei,left mathematical bracket.,,,,,
vi,location tense distance: here at ... ; at or a very short/tiny distance from ...,,,,,
vi'a,dimensionality of space interval tense: 2-space interval; throughout an area.,,,,,
vi'e,dimensionality of space interval tense: 4-space interval; throughout a spacetime.,,,,,
vi'i,dimensionality of space interval tense: 1-space interval; along a line.,,,,,
vi'o,vocative: wilco (ack and will comply).,,,,,
vi'u,dimensionality of space interval tense: 3-space interval; throughout a space.,,,,,
vo,digit/number: 4 (digit) [four].,,,,,
vo'a,pro-sumti: repeats 1st place of main bridi of this sentence.,,,,,
vo'ai,conversion: move 4th place to 1st position. Everything else stays in the same order.,"Before: x1 x2 x3 x4 x5, after: x4 x1 x2 x3 x5. Has the same effect as ve te se. Proposed rafsi: -voz-",,,,
vo'e,pro-sumti: repeats 2nd place of main bridi of this sentence.,,,,,
vo'i,pro-sumti: repeats 3rd place of main bridi of this sentence.,,,,,
vo'o,pro-sumti: repeats 4th place of main bridi of this sentence.,,,,,
vo'u,pro-sumti: repeats 5th place of main bridi of this sentence.,,,,,
voi,non-veridical restrictive clause used to form complicated le-like descriptions using ke'a.,,,,,
vu,location tense distance: far from ... ; yonder at ... ; a long distance from ...,,,,,
vu'a,location tense relation/direction; west of.,,,,,
vu'e,attitudinal modifier: virtue - sin.,"See also {vrude}, {zungi}.",,,,
vu'i,sumti qualifier: the sequence made from set or composed of elements/components; order is vague.,,,,,
vu'o,joins relative clause/phrase to complete complex or logically connected sumti in afterthought.,,,,,
vu'u,n-ary mathematical operator: minus; subtraction operator; [(((a - b) - c) - ...)].,,,,,
vy,letteral for v.,,,,,
xa,digit/number: 6 (digit) [six].,,,,,
xa'o,opposite of za'o: event contour: refers to the portion of the event which occurs before the natural beginning; starting too early before ...; <----.,,,,,
xai,vocative: generalised vocative,"the most generalised member of selmaho COI roughly corresponding to Italian ciao, hi/bye, hey! simultaneously",,,,
xe,5th conversion; switch 1st/5th places.,,,,,
xei,digit/number: hex digit E (decimal 14) [fourteen],Used as an alternative to {rei} to avoid confusion with {re}.,,,,
xi,subscript; attaches a numer of letteral string following as a subscript onto grammar structures.,,,,,
xo,digit/number: number/digit/lerfu question.,,,,,
xo'a,Loglan toggle: Toggles text to TLI Loglan; marks following text as TLI Loglan.,The proposal also includes an experimental Loglan Little word ``hoa'' (which toggles text to Lojban).,,,,
xo'ai,conversion: move 5th place to 1st position. Everything else stays in the same order.,"Before: x1 x2 x3 x4 x5, after: x5 x1 x2 x3 x4. Has the same effect as xe ve te se. Proposed rafsi: -xoz-",,,,
xo'e,elliptical/unspecified number.,"See also {tu'o}, {xo}, {zo'e}, {co'e}, and {do'e}.",,,,
xo'i,"Extracts selbri from a tag, inverse of fi'o","xo'i bau is equivalent to bangu, xo'i fi'o broda is equivalent to broda",,,,
xo'o,attitudinal modifier: sarcastically - sincerely,There is no good attitudinal for sarcasm. Chosen for its similarity to {zo'o}.,,,,
xoi,converts bridi into nonce modal/sumti tag clause sharing common places with the main clause,1. The first place containing abstraction (if present in the predicate of the subordinate clause) is automatically applied to the whole bridi if not explicitly defined otherwise 2. If the first place is an object it's applied to the first place of the bridi. See also {fi'o},,,,
xu,discursive: true-false question.,,,,,
xy,letteral for x.,,,,,
y,hesitation noise; maintains the floor while speaker decides what to say next.,,,,,
y'y,letteral for '.,,,,,
za,time tense distance: medium distance in time.,,,,,
za'a,evidential: I observe.,"See also {zgana}, {lanli}.",,,,
za'ai,time tense distance: an unspecified distance in time,"Used to express a time distance without specifying any subjective notion about its size. May typically be used in a question when the subjective notion is not known. See also {za}, {zi}, {zu}, {ze'ai}",,,,
za'e,forethought nonce-word indicator; indicates next word is nonce-creation and may be nonstandard.,,,,,
za'i,abstractor: state (event) abstractor; x1 is continuous state of [bridi] being true.,,,,,
za'o,interval event contour: continuing too long after natural end of ...; superfective  |     ---->.,,,,,
za'u,digit/number: greater than.,,,,,
zai,2-word letteral/shift: alternate alphabet selector follows.,,,,,
zai'a,attitudinal modifier: observed emotion; preceding attitudinal is observed on listener,"Replaces recent questionable usage of dai, which should be reserved for situations in which the speaker also feels the emotion. ui nai zai'a - I see you are unhappy. (Note that observation is not limited to visual)",,,,
zau,"zanru modal, 1st place                            approved by ...",,,,,
ze,digit/number: 7 (digit) [seven].,,,,,
ze'a,time tense interval: a medium length of time.,,,,,
ze'ai,time tense interval: an unspecified amount of time,"Used to express a duration without specifying any subjective notion about its length. May typically be used in a question when the subjective notion is not known. See also {ze'a}, {ze'i}, {ze'u}, {ze'e}, {za'ai}",,,,
ze'e,time tense interval: the whole of time.,,,,,
ze'ei,nonce word with existing grammar,Binds two arbitrary words together to form a nonce word whose semantics are indicated by the left word and whose grammar is the same as that of the right word. Useful for creating function words without having to allocate experimental cmavo forms.,,,,
ze'i,time tense interval: an instantaneous/tiny/short amount of time.,,,,,
ze'o,location tense relation/direction; beyond/outward/receding from ...,,,,,
ze'u,time tense interval: a long amount of time.,,,,,
zei,joins preceding and following words into a lujvo.,,,,,
zi,time tense distance: instantaneous-to-short distance in time.,,,,,
zi'a,nonce-word indicator; indicates previous word is nonce-creation and may be nonstandard; equivalent to {za'e} but in selma'o UI,See also {za'e},,,,
zi'e,joins relative clauses which apply to the same sumti.,,,,,
zi'o,"pro-sumti: fills a sumti place, deleting it from selbri place structure;changes selbri semantics.",,,,,
zo,quote next word only; quotes a single Lojban word (not a cmavo compound or tanru).,,,,,
zo'a,location tense relation/direction; tangential to/passing by ...,,,,,
zo'au,cmene quote; quotes arbitrary number of adjacent cmevla or one selbri.,,,,,
zo'e,pro-sumti: an elliptical/unspecified value; has some value which makes bridi true.,,,,,
zo'ei,Something associated with; equivalent to ''zo'e pe''.,"There are a lot of cases where people use tu'a where they actually mean zo'ei; once I noticed the usefulness of such a word to elide whole chunks of sentences, I started wanting it all the time.  -camgusmis",,,,
zo'i,location tense relation/direction; nearer than .../inward/approaching from ...,,,,,
zo'o,attitudinal modifier: humorously - dully - seriously.,"See also {xajmi}, {junri}.",,,,
zo'oi,quote next non-Lojban word only; quotes a single non-Lojban word delimited by pauses (in speech) or whitespace (in writing),"See also {zo}, {zoi}, {la'oi}.",,,,
zo'u,marks end of logical prenex quantifiers/topic identification and start of sentence bridi.,,,,,
zoi,delimited non-Lojban quotation; the result treated as a block of text.,,,,,
zu,time tense distance: long distance in time.,,,,,
zu'a,location tense relation/direction; leftwards/to the left of ...,,,,,
zu'e,"zukte modal, 1st place (purposed agent)           with goal-seeking actor ...",,,,,
zu'i,pro-sumti: the typical sumti value for this place in this relationship; affects truth value.,,,,,
zu'o,abstractor: activity (event) abstractor; x1 is abstract activity of [bridi] composed of x2.,,,,,
zu'u,discursive: on the one hand - on the other hand.,"See also {karbi}, {frica}, {dukti}",,,,
zy,letteral for z.,,,,,